{"cameraMode":{"drawMode":0,"name":"Shaded","section":"Shading Mode"},"sceneLighting":true,"audioPlay":false,"sceneViewState":{"m_AlwaysRefresh":false,"showFog":true,"showSkybox":true,"showFlares":true,"showImageEffects":true,"showParticleSystems":true,"showVisualEffectGraphs":true,"m_FxEnabled":true},"in2DMode":false,"pivot":{"x":432.2060852050781,"y":221.6407470703125,"z":-1.485748291015625},"rotation":{"x":0.09738042950630188,"y":-0.003894612193107605,"z":0.0007845453219488263,"w":0.995587170124054},"size":303.88739013671877,"orthographic":false}